idx,word,occurrences
0,saturday,473
1,sunday,473
2,time,471
3,tonight,470
4,friday,451
5,come,446
6,amp,443
7,like,420
8,watch,417
9,today,395
10,not,367
11,play,340
12,new,336
13,good,336
14,one,335
15,theth,320
16,monday,302
17,love,299
18,last,279
19,make,271
20,rt,270
21,thursday,268
22,ha,262
23,look,247
24,show,242
25,want,242
26,got,241
27,hi,234
28,think,232
29,back,232
30,na,228
31,us,227
32,dont,215
33,wait,210
34,cant,210
35,know,208
36,win,206
37,morn,203
38,first,201
39,start,201
40,hope,196
41,sun,192
42,live,192
43,still,189
44,season,187
45,say,182
46,next,176
47,sat,175
48,take,174
49,tuesday,172
50,well,169
51,thest,169
52,big,168
53,work,166
54,ill,165
55,year,165
56,great,162
57,would,162
58,best,161
59,vs,158
60,wednesday,157
61,gon,156
62,need,153
63,miss,150
64,open,149
65,u,148
66,team,148
67,onli,141
68,world,140
69,even,138
70,parti,136
71,week,130
72,right,128
73,befor,127
74,ticket,123
75,happi,122
76,excit,121
77,lol,120
78,said,118
79,girl,117
80,meet,117
81,news,116
82,movi,114
83,guy,111
84,fan,110
85,better,110
86,talk,110
87,black,109
88,march,108
89,pm,105
90,thank,105
91,birthday,105
92,check,104
93,final,104
94,free,104
95,realli,102
96,call,101
97,place,101
98,novemb,100
99,let,99
100,thend,99
101,readi,99
102,man,98
103,set,98
104,footbal,97
105,tv,97
106,state,97
107,hous,96
108,end,95
109,sure,95
110,school,94
111,st,94
112,thing,93
113,peopl,92
114,bring,91
115,leagu,90
116,nov,90
117,home,90
118,way,89
119,citi,89
120,whi,88
121,weekend,87
122,might,86
123,pleas,85
124,w,84
125,head,84
126,much,84
127,v,83
128,tri,82
129,give,82
130,ever,82
131,club,82
132,becaus,82
133,award,81
134,also,81
135,concert,80
136,long,80
137,join,80
138,run,79
139,never,79
140,beat,79
141,oh,79
142,could,78
143,bowl,78
144,red,78
145,top,78
146,star,77
147,januari,76
148,therd,76
149,veri,76
150,famili,75
151,shit,75
152,london,74
153,octob,73
154,celebr,73
155,anoth,72
156,david,72
157,rememb,72
158,littl,71
159,find,71
160,made,71
161,friend,71
162,super,71
163,move,70
164,half,69
165,king,69
166,two,69
167,vote,69
168,atpm,69
169,oct,68
170,keep,68
171,martin,68
172,center,68
173,boy,68
174,cup,68
175,sinc,67
176,white,67
177,real,67
178,n,66
179,ive,66
180,lt,66
181,went,66
182,music,66
183,sign,65
184,everyon,65
185,nfl,65
186,via,65
187,film,65
188,ask,65
189,perform,65
190,left,64
191,follow,64
192,book,64
193,feel,64
194,event,64
195,song,64
196,ani,63
197,wont,63
198,wan,63
199,round,63
200,fun,63
201,life,63
202,fuck,63
203,lead,62
204,yesterday,62
205,x,62
206,anyon,62
207,wish,62
208,wed,61
209,player,61
210,forward,61
211,enjoy,61
212,bad,60
213,didnt,60
214,lot,60
215,knick,60
216,match,59
217,leav,58
218,pick,58
219,support,58
220,park,58
221,thought,58
222,hit,58
223,video,58
224,ye,57
225,tweet,57
226,name,57
227,releas,57
228,old,56
229,job,56
230,though,56
231,alreadi,56
232,everi,56
233,halloween,55
234,saw,55
235,nation,55
236,buy,55
237,class,55
238,hour,55
239,soon,55
240,plan,55
241,b,54
242,read,54
243,york,54
244,derbi,54
245,amaz,54
246,tour,54
247,late,53
248,id,53
249,band,53
250,chanc,53
251,hear,53
252,help,53
253,doe,53
254,sound,53
255,kid,52
256,obama,52
257,nba,52
258,pass,52
259,yet,52
260,earli,52
261,host,51
262,face,51
263,point,51
264,ladi,51
265,hey,51
266,report,51
267,william,51
268,haha,51
269,stop,51
270,lion,51
271,pretti,50
272,high,50
273,tell,50
274,break,50
275,cool,50
276,alway,50
277,episod,50
278,la,50
279,rock,50
280,race,49
281,mani,49
282,line,49
283,presid,49
284,valentin,49
285,done,48
286,till,48
287,score,48
288,goal,48
289,god,48
290,visit,48
291,listen,48
292,theatr,48
293,georg,48
294,true,47
295,yeah,47
296,august,47
297,train,47
298,februari,47
299,announc,47
300,mark,47
301,put,47
302,heat,47
303,grade,47
304,record,47
305,nice,47
306,album,47
307,close,47
308,seen,47
309,post,46
310,ta,46
311,doesnt,46
312,decemb,46
313,jan,46
314,brother,46
315,jason,46
316,michael,46
317,san,46
318,+,46
319,arsen,45
320,gone,45
321,th,45
322,turn,45
323,finish,45
324,young,45
325,luck,44
326,someth,44
327,guess,44
328,kick,44
329,bill,44
330,deal,44
331,cmon,44
332,catch,44
333,happen,44
334,interest,44
335,return,43
336,harri,43
337,west,43
338,busi,43
339,someon,43
340,practic,43
341,minut,43
342,festiv,43
343,avail,42
344,premier,42
345,dure,42
346,awesom,42
347,mean,42
348,bit,42
349,came,42
350,mayb,42
351,heard,42
352,begin,42
353,part,42
354,quarter,42
355,walk,42
356,date,41
357,hall,41
358,isnt,41
359,tom,41
360,rest,41
361,stay,41
362,found,41
363,choic,40
364,chang,40
365,must,40
366,use,40
367,cowboy,40
368,interview,39
369,schedul,39
370,elect,39
371,tiger,39
372,damn,39
373,forget,39
374,jame,39
375,hold,39
376,jet,39
377,son,39
378,dr,38
379,person,38
380,sleep,38
381,room,38
382,kill,38
383,photo,38
384,second,38
385,classic,38
386,rise,38
387,yall,38
388,act,38
389,blue,38
390,rugbi,38
391,carter,38
392,full,37
393,babi,37
394,mom,37
395,steeler,37
396,havent,37
397,believ,37
398,trip,37
399,championship,37
400,around,37
401,octoberth,37
402,colleg,37
403,america,36
404,dream,36
405,miami,36
406,novemberth,36
407,green,36
408,month,36
409,danc,36
410,nd,36
411,drive,35
412,p,35
413,town,35
414,comedi,35
415,afternoon,35
416,ball,35
417,offici,35
418,hand,35
419,hot,35
420,intern,35
421,present,35
422,unit,34
423,actual,34
424,far,34
425,ass,34
426,beauti,34
427,espn,34
428,lost,34
429,wear,34
430,coach,34
431,side,34
432,care,34
433,pictur,34
434,perfect,34
435,launch,34
436,feb,34
437,shot,33
438,die,33
439,card,33
440,away,33
441,jr,33
442,taylor,33
443,florida,33
444,fli,33
445,church,33
446,john,33
447,c,33
448,wonder,33
449,arriv,33
450,hell,33
451,hard,33
452,appl,33
453,fight,33
454,ami,32
455,fb,32
456,til,32
457,laker,32
458,jersey,32
459,sale,32
460,special,32
461,giant,32
462,test,32
463,wichita,32
464,ok,32
465,murray,32
466,jackson,32
467,rick,31
468,fri,31
469,shore,31
470,bay,31
471,tho,31
472,novth,31
473,anniversari,31
474,member,31
475,appear,31
476,sing,31
477,list,31
478,nick,31
479,injuri,31
480,justin,31
481,light,31
482,learn,31
483,grammi,31
484,washington,31
485,trayvon,31
486,ahead,30
487,throw,30
488,texa,30
489,cancel,30
490,caus,30
491,drop,30
492,steve,30
493,winner,30
494,seri,30
495,wow,30
496,hate,30
497,central,30
498,updat,30
499,stuff,30
500,countri,30
501,nigga,30
502,art,30
503,uk,30
504,ghost,30
505,north,30
506,onth,29
507,air,29
508,anyth,29
509,due,29
510,roll,29
511,vega,29
512,tim,29
513,safe,29
514,dinner,29
515,everton,29
516,food,29
517,preview,29
518,romo,29
519,q,29
520,dalla,29
521,flight,29
522,paul,29
523,raven,29
524,raider,29
525,spot,28
526,welcom,28
527,tune,28
528,christma,28
529,stage,28
530,sport,28
531,alabama,28
532,newcastl,28
533,glad,28
534,howard,28
535,pic,28
536,seem,28
537,servic,28
538,bed,28
539,andi,28
540,power,28
541,road,28
542,annual,28
543,behind,28
544,case,28
545,price,28
546,word,28
547,stori,28
548,radio,28
549,detroit,28
550,street,28
551,enough,28
552,youll,28
553,yr,28
554,media,28
555,sorri,27
556,singapor,27
557,goe,27
558,link,27
559,took,27
560,elvi,27
561,reason,27
562,aint,27
563,surpris,27
564,dog,27
565,juli,27
566,prepar,27
567,told,27
568,r,27
569,remind,27
570,cover,27
571,confirm,27
572,dc,27
573,field,27
574,possibl,27
575,along,27
576,hill,27
577,social,27
578,spur,27
579,univers,27
580,eagl,27
581,murder,27
582,mexico,27
583,googl,26
584,ya,26
585,complet,26
586,shop,26
587,spend,26
588,fact,26
589,everyth,26
590,bank,26
591,rd,26
592,manag,26
593,joe,26
594,favorit,26
595,ps,26
596,south,26
597,later,26
598,wild,26
599,planet,26
600,wisconsin,25
601,histori,25
602,laugh,25
603,direct,25
604,consid,25
605,confer,25
606,cast,25
607,tampa,25
608,russia,25
609,gaga,25
610,issu,25
611,itali,25
612,allstar,25
613,golden,24
614,bc,24
615,continu,24
616,titl,24
617,devil,24
618,toni,24
619,fox,24
620,noth,24
621,mr,24
622,brown,24
623,onc,24
624,morgan,24
625,offic,24
626,rose,24
627,women,24
628,ben,24
629,save,24
630,becom,24
631,dude,24
632,attend,24
633,mind,24
634,thur,24
635,independ,24
636,total,24
637,g,24
638,sanchez,24
639,offer,24
640,nc,24
641,tue,24
642,ceo,24
643,avril,24
644,american,24
645,ash,24
646,brooklyn,24
647,kyle,23
648,wit,23
649,patriot,23
650,fall,23
651,bday,23
652,bet,23
653,da,23
654,chelsea,23
655,atam,23
656,sad,23
657,eye,23
658,septemb,23
659,kevin,23
660,hart,23
661,aug,23
662,hang,23
663,em,23
664,without,23
665,storm,23
666,congrat,23
667,answer,23
668,east,23
669,playoff,23
670,jazz,23
671,travel,23
672,assist,23
673,india,23
674,etc,23
675,window,23
676,queen,23
677,island,23
678,daili,23
679,omg,23
680,cross,23
681,bar,23
682,store,23
683,ice,23
684,pakistan,23
685,nyc,23
686,studio,23
687,dexter,23
688,lunch,22
689,pari,22
690,loui,22
691,houston,22
692,daniel,22
693,probabl,22
694,men,22
695,romney,22
696,gave,22
697,network,22
698,stadium,22
699,anderson,22
700,huge,22
701,sit,22
702,centr,22
703,els,22
704,bell,22
705,whole,22
706,three,22
707,kentucki,22
708,drink,22
709,bless,22
710,victori,22
711,togeth,22
712,definit,22
713,ur,22
714,cri,22
715,chief,22
716,form,22
717,student,22
718,abl,22
719,eat,22
720,crash,22
721,jim,22
722,detail,22
723,sandi,22
724,expect,22
725,cloud,22
726,april,22
727,question,22
728,speak,22
729,port,22
730,trailer,22
731,cake,22
732,cricket,22
733,england,21
734,globe,21
735,bull,21
736,grey,21
737,sky,21
738,fair,21
739,smith,21
740,career,21
741,onlin,21
742,ricki,21
743,snow,21
744,min,21
745,winter,21
746,tix,21
747,ian,21
748,realiz,21
749,email,21
750,block,21
751,dress,21
752,box,21
753,camp,21
754,ago,21
755,milan,21
756,former,21
757,holiday,21
758,debat,21
759,mass,21
760,almost,21
761,style,21
762,wrong,21
763,worri,21
764,ship,21
765,beach,21
766,board,21
767,delay,21
768,war,21
769,dad,21
770,artist,21
771,direction,21
772,cook,21
773,capello,21
774,treat,21
775,nebraska,21
776,order,21
777,jeff,21
778,vita,21
779,rich,21
780,heart,20
781,gold,20
782,differ,20
783,cours,20
784,moment,20
785,mad,20
786,money,20
787,english,20
788,loss,20
789,cheer,20
790,front,20
791,biggest,20
792,lose,20
793,step,20
794,funni,20
795,debut,20
796,page,20
797,june,20
798,channel,20
799,car,20
800,van,20
801,challeng,20
802,dead,20
803,pack,20
804,pop,20
805,mon,20
806,inth,20
807,polic,20
808,session,20
809,everybodi,20
810,app,20
811,sept,20
812,fashion,20
813,republican,20
814,bridg,20
815,rudd,20
816,madrid,20
817,phone,19
818,davi,19
819,million,19
820,entertain,19
821,stand,19
822,sec,19
823,row,19
824,poll,19
825,singl,19
826,speech,19
827,commun,19
828,design,19
829,ath,19
830,age,19
831,anim,19
832,greatest,19
833,bolton,19
834,touch,19
835,river,19
836,human,19
837,select,19
838,trial,19
839,princ,19
840,chicago,19
841,bieber,19
842,talent,19
843,view,19
844,dec,19
845,leg,19
846,group,19
847,plu,19
848,de,19
849,remain,19
850,e,19
851,australia,19
852,constitut,19
853,decid,19
854,court,19
855,woman,19
856,main,19
857,least,19
858,jeremi,19
859,guid,19
860,rider,19
861,ipad,19
862,bjp,19
863,area,18
864,saint,18
865,chri,18
866,el,18
867,senior,18
868,coupl,18
869,parker,18
870,moon,18
871,land,18
872,either,18
873,youv,18
874,lo,18
875,angel,18
876,taken,18
877,eli,18
878,proud,18
879,straight,18
880,action,18
881,born,18
882,histh,18
883,fill,18
884,number,18
885,past,18
886,receiv,18
887,xx,18
888,includ,18
889,rain,18
890,defens,18
891,iii,18
892,workshop,18
893,ad,18
894,ima,18
895,edit,18
896,royal,18
897,fire,18
898,soul,18
899,juic,18
900,chines,18
901,silva,18
902,project,18
903,idea,18
904,memori,18
905,nigeria,18
906,brit,18
907,ex,18
908,oscar,18
909,yanke,18
910,nicki,18
911,amanda,18
912,droid,18
913,bionic,18
914,pay,17
915,nufc,17
916,offens,17
917,near,17
918,twitter,17
919,jordan,17
920,myst,17
921,hotel,17
922,instead,17
923,wood,17
924,bama,17
925,okay,17
926,sunderland,17
927,featur,17
928,lsu,17
929,sam,17
930,guest,17
931,shoot,17
932,sent,17
933,myth,17
934,sourc,17
935,ground,17
936,philli,17
937,villa,17
938,crazi,17
939,noon,17
940,trend,17
941,count,17
942,theyr,17
943,agre,17
944,crowd,17
945,christian,17
946,democrat,17
947,yea,17
948,info,17
949,posit,17
950,lmao,17
951,alien,17
952,outsid,17
953,drew,17
954,market,17
955,door,17
956,ham,17
957,short,17
958,tryna,17
959,pull,17
960,cuz,17
961,gop,17
962,idk,17
963,download,17
964,champion,17
965,track,17
966,olymp,17
967,mall,17
968,hello,17
969,blog,17
970,hockey,17
971,met,17
972,candi,17
973,kendrick,17
974,billi,17
975,map,17
976,cut,17
977,jennif,17
978,charl,17
979,adam,17
980,harvey,17
981,quit,17
982,ireland,17
983,review,17
984,build,17
985,playstat,17
986,winan,17
987,machin,17
988,murphi,17
989,joseph,17
990,children,17
991,augustth,17
992,four,17
993,japan,17
994,kitchen,17
995,lloyd,17
996,knox,17
997,pump,16
998,reuter,16
999,nfc,16
1000,current,16
1001,predict,16
1002,ufc,16
1003,celtic,16
1004,given,16
1005,invit,16
1006,stoke,16
1007,santorum,16
1008,basketbal,16
1009,insid,16
1010,qtr,16
1011,mention,16
1012,sweet,16
1013,georgia,16
1014,zombi,16
1015,write,16
1016,vampir,16
1017,diari,16
1018,parad,16
1019,raw,16
1020,teen,16
1021,charg,16
1022,five,16
1023,deserv,16
1024,trade,16
1025,fit,16
1026,alex,16
1027,forc,16
1028,netflix,16
1029,success,16
1030,cold,16
1031,rate,16
1032,hahaha,16
1033,earlier,16
1034,pray,16
1035,gt,16
1036,origin,16
1037,swap,16
1038,rush,16
1039,death,16
1040,merlin,16
1041,clemson,16
1042,held,16
1043,mix,16
1044,screen,16
1045,yo,16
1046,brilliant,16
1047,israel,16
1048,di,16
1049,austin,16
1050,spirit,16
1051,denzel,16
1052,cohen,16
1053,ralli,16
1054,duke,16
1055,innd,16
1056,max,16
1057,silent,16
1058,johnson,16
1059,pj,16
1060,seat,16
1061,squad,16
1062,vitali,16
1063,cathol,16
1064,ace,16
1065,panda,16
1066,carl,16
1067,scotland,16
1068,dwt,16
1069,deu,16
1070,boehner,16
1071,colt,16
1072,lil,15
1073,extra,15
1074,brazil,15
1075,gari,15
1076,octth,15
1077,anatomi,15
1078,l,15
1079,pa,15
1080,weather,15
1081,absolut,15
1082,pain,15
1083,madonna,15
1084,stat,15
1085,suck,15
1086,magic,15
1087,recal,15
1088,floor,15
1089,bu,15
1090,alon,15
1091,bodi,15
1092,fast,15
1093,campaign,15
1094,protest,15
1095,shine,15
1096,bob,15
1097,liverpool,15
1098,tire,15
1099,ride,15
1100,ryan,15
1101,valley,15
1102,pro,15
1103,serious,15
1104,result,15
1105,weird,15
1106,respect,15
1107,latest,15
1108,odd,15
1109,glass,15
1110,ny,15
1111,skate,15
1112,breakfast,15
1113,send,15
1114,blood,15
1115,chocol,15
1116,moham,15
1117,morsi,15
1118,cundiff,15
1119,leader,15
1120,galaxi,15
1121,tonit,15
1122,il,15
1123,nokia,15
1124,preseason,15
1125,roger,15
1126,fm,15
1127,captain,15
1128,broadcast,15
1129,xd,15
1130,justic,15
1131,eng,15
1132,pancak,15
1133,sarah,15
1134,rodeo,15
1135,mick,15
1136,net,15
1137,santo,15
1138,mccarthi,15
1139,bang,15
1140,tottenham,15
1141,zimmerman,15
1142,curti,15
1143,robertson,15
1144,presley,15
1145,pavol,15
1146,mta,15
1147,inbetween,15
1148,inspir,14
1149,wouldnt,14
1150,philippin,14
1151,bachelor,14
1152,clear,14
1153,activ,14
1154,costum,14
1155,anyway,14
1156,china,14
1157,alright,14
1158,accord,14
1159,sb,14
1160,site,14
1161,fantast,14
1162,auburn,14
1163,orang,14
1164,ko,14
1165,rob,14
1166,share,14
1167,weve,14
1168,matt,14
1169,arent,14
1170,fourth,14
1171,jungl,14
1172,ross,14
1173,plant,14
1174,dj,14
1175,mitch,14
1176,cb,14
1177,notic,14
1178,bro,14
1179,studi,14
1180,text,14
1181,draft,14
1182,attempt,14
1183,congress,14
1184,tournament,14
1185,deadlin,14
1186,six,14
1187,couldnt,14
1188,battl,14
1189,piec,14
1190,futur,14
1191,problem,14
1192,joke,14
1193,harden,14
1194,strong,14
1195,compani,14
1196,journey,14
1197,februaryth,14
1198,base,14
1199,wwe,14
1200,worst,14
1201,tough,14
1202,frompm,14
1203,voic,14
1204,aaron,14
1205,co,14
1206,imma,14
1207,poster,14
1208,mar,14
1209,venu,14
1210,noel,14
1211,apolog,14
1212,bird,14
1213,africa,14
1214,gagner,14
1215,plane,14
1216,bomb,14
1217,pitch,14
1218,evan,14
1219,revolut,14
1220,upcom,14
1221,buzz,14
1222,ss,14
1223,riot,14
1224,margarita,14
1225,squar,14
1226,across,14
1227,valor,14
1228,gun,14
1229,greensboro,14
1230,vernau,14
1231,lorax,14
1232,sprint,14
1233,minaj,14
1234,kung,14
1235,fu,14
1236,okami,14
1237,summerslam,14
1238,demitra,14
1239,ape,14
1240,nuit,14
1241,blanch,14
1242,melissa,14
1243,sight,14
1244,triangl,14
1245,mnf,14
1246,verland,14
1247,wasnt,13
1248,soccer,13
1249,hair,13
1250,tribut,13
1251,counti,13
1252,fuel,13
1253,discuss,13
1254,everyday,13
1255,somebodi,13
1256,charli,13
1257,father,13
1258,lucki,13
1259,wors,13
1260,reveal,13
1261,jone,13
1262,relat,13
1263,except,13
1264,kind,13
1265,atl,13
1266,regular,13
1267,understand,13
1268,highlight,13
1269,jean,13
1270,anarchi,13
1271,suppos,13
1272,~,13
1273,entir,13
1274,qb,13
1275,knew,13
1276,microsoft,13
1277,fa,13
1278,effect,13
1279,msg,13
1280,aston,13
1281,bought,13
1282,afc,13
1283,sell,13
1284,press,13
1285,fail,13
1286,decis,13
1287,gig,13
1288,bitch,13
1289,jack,13
1290,contact,13
1291,volleybal,13
1292,homecom,13
1293,jump,13
1294,third,13
1295,factor,13
1296,rodger,13
1297,superbowl,13
1298,nadal,13
1299,egypt,13
1300,vow,13
1301,goin,13
1302,elli,13
1303,dicken,13
1304,rocki,13
1305,paterno,13
1306,peac,13
1307,lin,13
1308,tennesse,13
1309,cat,13
1310,grace,13
1311,fish,13
1312,rooney,13
1313,bayern,13
1314,paper,13
1315,worldwid,13
1316,destin,13
1317,jayalalithaa,13
1318,dahlia,13
1319,klitschko,13
1320,gandhi,13
1321,plaza,13
1322,barcelona,13
1323,roast,13
1324,robbi,13
1325,sm,13
1326,tonga,13
1327,aladdin,13
1328,painter,13
1329,buccan,13
1330,tina,12
1331,fey,12
1332,extend,12
1333,contest,12
1334,iron,12
1335,trent,12
1336,facebook,12
1337,thru,12
1338,sometim,12
1339,luther,12
1340,lie,12
1341,onrd,12
1342,judg,12
1343,law,12
1344,file,12
1345,cost,12
1346,anybodi,12
1347,hawk,12
1348,richardson,12
1349,bear,12
1350,honey,12
1351,shout,12
1352,huntsman,12
1353,pacer,12
1354,smile,12
1355,holi,12
1356,polit,12
1357,california,12
1358,lfc,12
1359,burn,12
1360,drake,12
1361,mike,12
1362,kinda,12
1363,ray,12
1364,load,12
1365,jesu,12
1366,wife,12
1367,norwich,12
1368,shirt,12
1369,normal,12
1370,tabl,12
1371,parent,12
1372,contract,12
1373,note,12
1374,fanci,12
1375,fornd,12
1376,castl,12
1377,somewher,12
1378,jam,12
1379,union,12
1380,crow,12
1381,vh,12
1382,carpet,12
1383,space,12
1384,sick,12
1385,tie,12
1386,rooki,12
1387,tent,12
1388,push,12
1389,lee,12
1390,theater,12
1391,regist,12
1392,kati,12
1393,worth,12
1394,hollywood,12
1395,cont,12
1396,thin,12
1397,hurrican,12
1398,scott,12
1399,smh,12
1400,ct,12
1401,gener,12
1402,rumour,12
1403,replac,12
1404,andr,12
1405,warn,12
1406,fabio,12
1407,loung,12
1408,asia,12
1409,kiss,12
1410,hero,12
1411,germani,12
1412,yay,12
1413,gambl,12
1414,britney,12
1415,singer,12
1416,caught,12
1417,defend,12
1418,clip,12
1419,expo,12
1420,gear,12
1421,hank,12
1422,appar,12
1423,cole,12
1424,denver,12
1425,toward,12
1426,summer,12
1427,australian,12
1428,canada,12
1429,sep,12
1430,lamb,12
1431,keith,12
1432,educ,12
1433,usa,12
1434,enter,12
1435,infinit,12
1436,gonzaga,12
1437,iren,12
1438,bois,12
1439,ah,11
1440,poehler,11
1441,pr,11
1442,manchest,11
1443,brought,11
1444,pat,11
1445,vancouv,11
1446,wake,11
1447,local,11
1448,tucson,11
1449,mitt,11
1450,claim,11
1451,hr,11
1452,chicken,11
1453,theme,11
1454,actor,11
1455,sopa,11
1456,repli,11
1457,mine,11
1458,clash,11
1459,pair,11
1460,math,11
1461,badger,11
1462,improv,11
1463,option,11
1464,congratul,11
1465,swansea,11
1466,al,11
1467,happiest,11
1468,earth,11
1469,tebow,11
1470,promis,11
1471,small,11
1472,utd,11
1473,folk,11
1474,clean,11
1475,mufc,11
1476,scout,11
1477,exclus,11
1478,agent,11
1479,hop,11
1480,emmi,11
1481,awar,11
1482,boston,11
1483,tree,11
1484,nj,11
1485,skype,11
1486,semifin,11
1487,itll,11
1488,frank,11
1489,mlk,11
1490,bore,11
1491,f,11
1492,websit,11
1493,pt,11
1494,rumor,11
1495,cream,11
1496,del,11
1497,rank,11
1498,buck,11
1499,h,11
1500,deep,11
1501,honor,11
1502,rumbl,11
1503,greek,11
1504,mysteri,11
1505,beer,11
1506,competit,11
1507,brian,11
1508,aj,11
1509,forgot,11
1510,usual,11
1511,pool,11
1512,credit,11
1513,euro,11
1514,wine,11
1515,arena,11
1516,compar,11
1517,mari,11
1518,midnight,11
1519,acta,11
1520,j,11
1521,android,11
1522,arm,11
1523,exhibit,11
1524,jimmi,11
1525,lmfao,11
1526,bale,11
1527,amo,11
1528,happyth,11
1529,upset,11
1530,topic,11
1531,abu,11
1532,dhabi,11
1533,xi,11
1534,blake,11
1535,beyonc,11
1536,boom,11
1537,ac,11
1538,pl,11
1539,armi,11
1540,lorenzo,11
1541,pi,11
1542,danni,11
1543,rais,11
1544,septemberth,11
1545,mumbai,11
1546,rule,11
1547,delhi,11
1548,shell,11
1549,jose,11
1550,maya,11
1551,richard,11
1552,walker,11
1553,mardi,11
1554,gra,11
1555,pope,11
1556,carlton,11
1557,watney,11
1558,lane,11
1559,zap,11
1560,_,11
1561,petrolia,11
1562,clearwir,11
1563,sandwich,11
1564,cliff,11
1565,ind,11
1566,sheen,11
1567,iebc,11
1568,mvc,11
1569,mourinho,11
1570,tomb,11
1571,lower,10
1572,fine,10
1573,bye,10
1574,niner,10
1575,liar,10
1576,ep,10
1577,herald,10
1578,afl,10
1579,foul,10
1580,experi,10
1581,si,10
1582,liam,10
1583,defeat,10
1584,dear,10
1585,articl,10
1586,le,10
1587,mile,10
1588,youtub,10
1589,upload,10
1590,program,10
1591,camilla,10
1592,health,10
1593,risk,10
1594,dvd,10
1595,trick,10
1596,hasnt,10
1597,senat,10
1598,explain,10
1599,dm,10
1600,teacher,10
1601,mynd,10
1602,major,10
1603,gov,10
1604,nhl,10
1605,wr,10
1606,middl,10
1607,figur,10
1608,femal,10
1609,spent,10
1610,wayn,10
1611,hd,10
1612,stupid,10
1613,nite,10
1614,chat,10
1615,toronto,10
1616,peyton,10
1617,td,10
1618,goodnight,10
1619,desper,10
1620,repeat,10
1621,bout,10
1622,az,10
1623,struggl,10
1624,fear,10
1625,obvious,10
1626,water,10
1627,tip,10
1628,mizzou,10
1629,cherri,10
1630,garden,10
1631,aka,10
1632,elimin,10
1633,mate,10
1634,recommend,10
1635,est,10
1636,allow,10
1637,natur,10
1638,prayer,10
1639,led,10
1640,district,10
1641,cute,10
1642,neighborhood,10
1643,eastern,10
1644,comput,10
1645,hilari,10
1646,poland,10
1647,owner,10
1648,bench,10
1649,nikon,10
1650,volar,10
1651,raleigh,10
1652,juneth,10
1653,redskin,10
1654,sneak,10
1655,davo,10
1656,mobil,10
1657,monta,10
1658,legend,10
1659,draw,10
1660,forest,10
1661,northern,10
1662,axl,10
1663,pink,10
1664,taiwan,10
1665,shall,10
1666,hog,10
1667,fl,10
1668,european,10
1669,scene,10
1670,cruz,10
1671,ten,10
1672,french,10
1673,product,10
1674,ppl,10
1675,lauren,10
1676,golf,10
1677,nugget,10
1678,brook,10
1679,soni,10
1680,bel,10
1681,aniston,10
1682,astrolog,10
1683,nest,10
1684,hay,10
1685,postal,10
1686,rudolph,10
1687,nz,10
1688,ramlila,10
1689,jacki,10
1690,filthi,10
1691,reggi,10
1692,bayer,10
1693,leverkusen,10
1694,finder,10
1695,unoffici,10
1696,leicest,10
1697,ajax,10
1698,deca,10
1699,echo,10
1700,caltrain,10
1701,committe,10
1702,delici,10
1703,varitek,10
1704,sox,10
1705,nightclub,10
1706,malcolm,10
1707,vessel,10
1708,saha,10
1709,slinger,10
1710,divo,10
1711,novam,10
1712,stein,10
1713,footymad,10
1714,metropc,10
1715,coverag,10
1716,tallahasse,10
1717,pont,10
1718,pred,10
1719,bdr,10
1720,wolv,10
1721,doug,10
1722,utc,10
1723,arrivaldepartur,10
1724,strawberri,10
1725,iss,10
1726,indonesian,10
1727,subtitl,10
1728,yushin,10
1729,iv,10
1730,afghan,10
1731,bangladesh,10
1732,haryana,10
1733,iguana,10
1734,laguna,10
1735,sjp,10
1736,dongwoo,10
1737,simciti,10
1738,kinder,10
1739,zayn,9
1740,edg,9
1741,data,9
1742,suarez,9
1743,btw,9
1744,indiana,9
1745,baylor,9
1746,wizard,9
1747,marri,9
1748,contraband,9
1749,hisrd,9
1750,hib,9
1751,yep,9
1752,seriou,9
1753,perri,9
1754,tide,9
1755,donat,9
1756,tail,9
1757,imagin,9
1758,low,9
1759,honestli,9
1760,webb,9
1761,steven,9
1762,cultur,9
1763,mail,9
1764,bike,9
1765,zumba,9
1766,mi,9
1767,breitbart,9
1768,indi,9
1769,respons,9
1770,den,9
1771,gordon,9
1772,mt,9
1773,doubl,9
1774,mob,9
1775,wive,9
1776,yard,9
1777,dirti,9
1778,lamar,9
1779,suit,9
1780,account,9
1781,finger,9
1782,hip,9
1783,decemberth,9
1784,ipod,9
1785,stone,9
1786,jonathan,9
1787,level,9
1788,truck,9
1789,messag,9
1790,hurt,9
1791,creat,9
1792,appreci,9
1793,director,9
1794,coast,9
1795,quot,9
1796,search,9
1797,aliv,9
1798,pittsburgh,9
1799,k,9
1800,striker,9
1801,marathon,9
1802,doubt,9
1803,promo,9
1804,prove,9
1805,hisst,9
1806,truth,9
1807,mc,9
1808,ignor,9
1809,doctor,9
1810,wrap,9
1811,carri,9
1812,disappoint,9
1813,lake,9
1814,demand,9
1815,phil,9
1816,buffalo,9
1817,bright,9
1818,drunk,9
1819,youd,9
1820,staff,9
1821,andth,9
1822,preorder,9
1823,forth,9
1824,sister,9
1825,wk,9
1826,honda,9
1827,tech,9
1828,poor,9
1829,drug,9
1830,mexican,9
1831,amazon,9
1832,bellami,9
1833,peterson,9
1834,camera,9
1835,combin,9
1836,julyth,9
1837,sort,9
1838,panel,9
1839,marijuana,9
1840,dublin,9
1841,indian,9
1842,google+,9
1843,athen,9
1844,amsterdam,9
1845,leonard,9
1846,redknapp,9
1847,fran,9
1848,rafa,9
1849,academi,9
1850,baltimor,9
1851,edmonton,9
1852,advanc,9
1853,siro,9
1854,hong,9
1855,obsess,9
1856,ard,9
1857,standard,9
1858,fort,9
1859,dark,9
1860,version,9
1861,zone,9
1862,nova,9
1863,leo,9
1864,dave,9
1865,brand,9
1866,cd,9
1867,rapper,9
1868,syria,9
1869,alan,9
1870,antonio,9
1871,anthoni,9
1872,mersey,9
1873,hawaii,9
1874,trail,9
1875,stream,9
1876,wildcat,9
1877,josh,9
1878,twice,9
1879,smell,9
1880,sexi,9
1881,bradley,9
1882,murdoch,9
1883,mercuri,9
1884,arrow,9
1885,blow,9
1886,calgari,9
1887,evanesc,9
1888,wppi,9
1889,lp,9
1890,duel,9
1891,chamber,9
1892,bali,9
1893,priest,9
1894,suppli,9
1895,aid,9
1896,vengeanc,9
1897,rip,9
1898,excel,9
1899,wright,9
1900,pire,9
1901,adelaid,9
1902,nn,9
1903,clark,9
1904,roxi,9
1905,kean,9
1906,turner,9
1907,jupit,9
1908,meryl,9
1909,streep,9
1910,twicker,9
1911,siberia,9
1912,baron,9
1913,ticketek,9
1914,edgar,9
1915,ii,9
1916,belushi,9
1917,nascar,9
1918,deed,9
1919,warrior,9
1920,lobbi,9
1921,psn,9
1922,wsh,9
1923,andrew,9
1924,capt,9
1925,gadkari,9
1926,miliband,9
1927,iditarod,9
1928,banff,9
1929,puls,9
1930,maria,9
1931,liberti,9
1932,bharatiya,9
1933,janata,9
1934,hoya,9
1935,ce,8
1936,copi,8
1937,anfield,8
1938,terri,8
1939,radcliff,8
1940,et,8
1941,wiki,8
1942,kidrauhl,8
1943,modern,8
1944,smash,8
1945,clasico,8
1946,abc,8
1947,boss,8
1948,plymouth,8
1949,clipper,8
1950,promot,8
1951,emil,8
1952,heskey,8
1953,texan,8
1954,emot,8
1955,ba,8
1956,alot,8
1957,rocket,8
1958,penalti,8
1959,charger,8
1960,onnd,8
1961,nois,8
1962,septth,8
1963,kirk,8
1964,geaux,8
1965,station,8
1966,spread,8
1967,franc,8
1968,disney,8
1969,mav,8
1970,fantasi,8
1971,hat,8
1972,reach,8
1973,epic,8
1974,lock,8
1975,internet,8
1976,ft,8
1977,crush,8
1978,sponsor,8
1979,nlc,8
1980,francisco,8
1981,okc,8
1982,te,8
1983,ridicul,8
1984,je,8
1985,impact,8
1986,realis,8
1987,mommi,8
1988,lad,8
1989,ga,8
1990,lord,8
1991,protect,8
1992,control,8
1993,larri,8
1994,random,8
1995,although,8
1996,add,8
1997,xbox,8
1998,gorgeou,8
1999,spanish,8
2000,pre,8
2001,nw,8
2002,televis,8
2003,entri,8
2004,cleveland,8
2005,less,8
2006,hide,8
2007,limit,8
2008,abov,8
2009,terribl,8
2010,ferri,8
2011,anymor,8
2012,wtf,8
2013,warm,8
2014,truli,8
2015,secret,8
2016,upgrad,8
2017,librari,8
2018,bag,8
2019,paint,8
2020,accept,8
2021,gay,8
2022,vike,8
2023,compet,8
2024,wrote,8
2025,anonym,8
2026,shut,8
2027,web,8
2028,inc,8
2029,nta,8
2030,iran,8
2031,cebu,8
2032,flacco,8
2033,gallagh,8
2034,swift,8
2035,cst,8
2036,period,8
2037,georgetown,8
2038,ca,8
2039,categori,8
2040,cofield,8
2041,hudson,8
2042,maryland,8
2043,aap,8
2044,sag,8
2045,republ,8
2046,hangout,8
2047,inst,8
2048,spartacu,8
2049,coni,8
2050,locat,8
2051,itv,8
2052,perkin,8
2053,sub,8
2054,known,8
2055,hmm,8
2056,groundhog,8
2057,youth,8
2058,paid,8
2059,un,8
2060,term,8
2061,wu,8
2062,heavi,8
2063,kong,8
2064,qualifi,8
2065,nine,8
2066,cc,8
2067,hw,8
2068,kelli,8
2069,marchth,8
2070,ang,8
2071,sophia,8
2072,mother,8
2073,wo,8
2074,broken,8
2075,gift,8
2076,foreign,8
2077,commit,8
2078,alexand,8
2079,wide,8
2080,shade,8
2081,smoke,8
2082,public,8
2083,headlin,8
2084,tcot,8
2085,shock,8
2086,gym,8
2087,comment,8
2088,evelyn,8
2089,lexington,8
2090,monument,8
2091,dethklok,8
2092,iqaluit,8
2093,lent,8
2094,trophi,8
2095,raspberri,8
2096,munich,8
2097,dar,8
2098,benefit,8
2099,cesena,8
2100,colvin,8
2101,unveil,8
2102,enril,8
2103,jagger,8
2104,juda,8
2105,hype,8
2106,rim,8
2107,founder,8
2108,region,8
2109,wind,8
2110,starkvil,8
2111,object,8
2112,grand,8
2113,sea,8
2114,tonightpm,8
2115,roman,8
2116,oval,8
2117,adrienn,8
2118,arsht,8
2119,wbb,8
2120,kickbal,8
2121,ost,8
2122,bolder,8
2123,mint,8
2124,rivera,8
2125,bethnal,8
2126,taysid,8
2127,ritz,8
2128,diamond,8
2129,sacha,8
2130,aussi,8
2131,era,8
2132,viola,8
2133,bioshock,8
2134,tressa,8
2135,farm,8
2136,goon,8
2137,wead,8
2138,cannavaro,8
2139,crystal,8
2140,sa,8
2141,fatal,8
2142,henson,8
2143,leshour,8
2144,kristin,8
2145,gregg,8
2146,unbroken,8
2147,irv,8
2148,jett,8
2149,monro,8
2150,dougla,8
2151,mackem,8
2152,henryvil,8
2153,dixi,8
2154,eskom,8
2155,kremlin,8
2156,drexel,8
2157,tate,8
2158,maino,8
2159,lpg,8
2160,franci,8
2161,knoxvil,8
2162,shepard,8
2163,fairey,8
2164,fafsa,8
2165,cotton,7
2166,transfer,7
2167,fiesta,7
2168,fam,7
2169,cruis,7
2170,domin,7
2171,packer,7
2172,bowi,7
2173,bunch,7
2174,neg,7
2175,hustl,7
2176,jericho,7
2177,reserv,7
2178,nbc,7
2179,consist,7
2180,besid,7
2181,address,7
2182,ncaa,7
2183,sir,7
2184,wvu,7
2185,tea,7
2186,matchup,7
2187,jon,7
2188,tag,7
2189,dubai,7
2190,fool,7
2191,screw,7
2192,swear,7
2193,freedom,7
2194,coffe,7
2195,attack,7
2196,kany,7
2197,injur,7
2198,convers,7
2199,broke,7
2200,bleacher,7
2201,destroy,7
2202,br,7
2203,grow,7
2204,dwight,7
2205,nomin,7
2206,incred,7
2207,code,7
2208,aw,7
2209,type,7
2210,sugar,7
2211,mayth,7
2212,eh,7
2213,suggest,7
2214,bullshit,7
2215,serv,7
2216,oldham,7
2217,huntsvil,7
2218,falcon,7
2219,exam,7
2220,dollar,7
2221,child,7
2222,apart,7
2223,impress,7
2224,templ,7
2225,feet,7
2226,onst,7
2227,tob,7
2228,sta,7
2229,commerci,7
2230,smart,7
2231,inform,7
2232,rent,7
2233,guarante,7
2234,produc,7
2235,consum,7
2236,dedic,7
2237,xfactor,7
2238,oper,7
2239,rehears,7
2240,gunna,7
2241,iowa,7
2242,loan,7
2243,crack,7
2244,hottest,7
2245,forev,7
2246,comeback,7
2247,hole,7
2248,bid,7
2249,postpon,7
2250,spoke,7
2251,sooo,7
2252,print,7
2253,chase,7
2254,provid,7
2255,mid,7
2256,crap,7
2257,wast,7
2258,stan,7
2259,unless,7
2260,tast,7
2261,seek,7
2262,global,7
2263,boo,7
2264,potenti,7
2265,workout,7
2266,grab,7
2267,blond,7
2268,sf,7
2269,appli,7
2270,ampamp,7
2271,chapel,7
2272,tehran,7
2273,jennett,7
2274,cv,7
2275,ceremoni,7
2276,chill,7
2277,execut,7
2278,io,7
2279,nash,7
2280,olympu,7
2281,cni,7
2282,britain,7
2283,statu,7
2284,remix,7
2285,dan,7
2286,potu,7
2287,iphon,7
2288,franki,7
2289,pant,7
2290,fromam,7
2291,lavign,7
2292,boot,7
2293,thanksgiv,7
2294,per,7
2295,evra,7
2296,corner,7
2297,prefer,7
2298,whip,7
2299,nearli,7
2300,carrol,7
2301,stock,7
2302,partner,7
2303,ne,7
2304,publish,7
2305,diaz,7
2306,victor,7
2307,kpop,7
2308,stick,7
2309,pottstown,7
2310,fundrais,7
2311,jay,7
2312,shift,7
2313,piss,7
2314,cardiff,7
2315,panther,7
2316,tape,7
2317,strike,7
2318,confus,7
2319,asap,7
2320,terra,7
2321,bailey,7
2322,dig,7
2323,prospect,7
2324,especi,7
2325,ram,7
2326,troy,7
2327,knock,7
2328,octoberst,7
2329,harrison,7
2330,recogn,7
2331,villasboa,7
2332,endymion,7
2333,nandito,7
2334,ako,7
2335,lopez,7
2336,sacramento,7
2337,flatbush,7
2338,rickman,7
2339,porto,7
2340,eastbound,7
2341,todd,7
2342,bertuzzi,7
2343,somalia,7
2344,alsip,7
2345,wikileak,7
2346,careless,7
2347,ron,7
2348,knicksheat,7
2349,fairground,7
2350,lemon,7
2351,zachari,7
2352,bash,7
2353,sylvia,7
2354,vip,7
2355,meal,7
2356,flash,7
2357,daytona,7
2358,cnblue,7
2359,greet,7
2360,nirvana,7
2361,en,7
2362,bottl,7
2363,voter,7
2364,stevi,7
2365,matter,7
2366,role,7
2367,stake,7
2368,pacif,7
2369,adebayor,7
2370,danica,7
2371,gampel,7
2372,peace~,7
2373,devon,7
2374,rosedal,7
2375,clooney,7
2376,attn,7
2377,estella,7
2378,derrick,7
2379,garner,7
2380,nipsey,7
2381,hussl,7
2382,bst,7
2383,harold,7
2384,nca,7
2385,timmon,7
2386,abscbn,7
2387,volstead,7
2388,bca,7
2389,natchitoch,7
2390,bkk,7
2391,berkmar,7
2392,idc,7
2393,corsten,7
2394,dujardin,7
2395,spain,7
2396,conrad,7
2397,isk,7
2398,rb,7
2399,mikel,7
2400,hors,7
2401,chenoweth,7
2402,savag,7
2403,muscat,7
2404,barbican,7
2405,fairfax,7
2406,casimir,7
2407,pulaski,7
2408,kamran,7
2409,shahid,7
2410,chester,7
2411,selma,7
2412,fca,7
2413,poetic,7
2414,abramovich,7
2415,java,7
2416,jerusalem,7
2417,spc,7
2418,breakout,7
2419,emerson,7
2420,hrt,7
2421,rex,7
2422,hf,7
2423,wreck,7
2424,rhonda,7
2425,rousey,7
2426,brookwood,7
2427,morton,7
2428,putrajaya,7
2429,parisnic,7
2430,rosi,6
2431,shouldv,6
2432,mama,6
2433,chalmer,6
2434,justifi,6
2435,showmov,6
2436,aja,6
2437,dreamteam,6
2438,hqb,6
2439,pc,6
2440,fest,6
2441,vernon,6
2442,mma,6
2443,cardin,6
2444,fals,6
2445,streak,6
2446,critic,6
2447,master,6
2448,itun,6
2449,ellen,6
2450,firework,6
2451,despit,6
2452,pride,6
2453,downton,6
2454,abbey,6
2455,process,6
2456,joy,6
2457,ahhh,6
2458,sand,6
2459,easi,6
2460,coz,6
2461,circl,6
2462,mountain,6
2463,sack,6
2464,collar,6
2465,ran,6
2466,def,6
2467,pipa,6
2468,tumblr,6
2469,clock,6
2470,rhode,6
2471,gettin,6
2472,trust,6
2473,theirst,6
2474,bradi,6
2475,access,6
2476,scare,6
2477,gossip,6
2478,unc,6
2479,highest,6
2480,seattl,6
2481,jefferson,6
2482,frustrat,6
2483,gotten,6
2484,ohio,6
2485,jail,6
2486,skip,6
2487,taim,6
2488,physic,6
2489,shoe,6
2490,sean,6
2491,fresh,6
2492,mp,6
2493,blackburn,6
2494,toth,6
2495,correct,6
2496,self,6
2497,ou,6
2498,decth,6
2499,chariti,6
2500,develop,6
2501,theirth,6
2502,felt,6
2503,cfc,6
2504,solo,6
2505,charact,6
2506,nail,6
2507,urban,6
2508,torr,6
2509,excus,6
2510,ton,6
2511,allen,6
2512,icon,6
2513,inrd,6
2514,realiti,6
2515,pizza,6
2516,topm,6
2517,capit,6
2518,sin,6
2519,prize,6
2520,among,6
2521,inch,6
2522,speed,6
2523,bigger,6
2524,similar,6
2525,mum,6
2526,documentari,6
2527,ofth,6
2528,onto,6
2529,atth,6
2530,deni,6
2531,buddi,6
2532,basebal,6
2533,diego,6
2534,amend,6
2535,mighti,6
2536,orlando,6
2537,opinion,6
2538,resum,6
2539,acc,6
2540,common,6
2541,runner,6
2542,certainli,6
2543,hull,6
2544,govern,6
2545,handl,6
2546,retweet,6
2547,sg,6
2548,budget,6
2549,wire,6
2550,whoop,6
2551,admit,6
2552,pad,6
2553,lewi,6
2554,lazi,6
2555,custom,6
2556,thatll,6
2557,sen,6
2558,appeal,6
2559,fifa,6
2560,softwar,6
2561,jenel,6
2562,wigan,6
2563,theyv,6
2564,cougar,6
2565,inning,6
2566,sex,6
2567,bullet,6
2568,decent,6
2569,teach,6
2570,letterman,6
2571,alert,6
2572,negro,6
2573,penn,6
2574,digit,6
2575,particip,6
2576,portug,6
2577,chan,6
2578,polici,6
2579,jacksonvil,6
2580,octoberrd,6
2581,twat,6
2582,diablo,6
2583,bruce,6
2584,ole,6
2585,boro,6
2586,legal,6
2587,z,6
2588,dook,6
2589,mostli,6
2590,asian,6
2591,econom,6
2592,forecast,6
2593,gloriousth,6
2594,novemberst,6
2595,sweden,6
2596,knee,6
2597,bruno,6
2598,favourit,6
2599,none,6
2600,older,6
2601,appoint,6
2602,indianapoli,6
2603,swing,6
2604,kept,6
2605,chees,6
2606,twilight,6
2607,rather,6
2608,pst,6
2609,champ,6
2610,campu,6
2611,regard,6
2612,lineup,6
2613,dri,6
2614,daughter,6
2615,resid,6
2616,click,6
2617,concern,6
2618,ff,6
2619,whoever,6
2620,lifetim,6
2621,embarrass,6
2622,root,6
2623,involv,6
2624,photographi,6
2625,ms,6
2626,imag,6
2627,europ,6
2628,robert,6
2629,roma,6
2630,backstag,6
2631,blind,6
2632,homi,6
2633,sixteen,6
2634,korea,6
2635,yell,6
2636,ramdev,6
2637,foam,6
2638,richi,6
2639,madison,6
2640,luca,6
2641,growth,6
2642,gm,6
2643,adida,6
2644,cba,6
2645,pli,6
2646,addit,6
2647,lax,6
2648,underwood,6
2649,elon,6
2650,sunni,6
2651,rella,6
2652,ate,6
2653,stamp,6
2654,mtsu,6
2655,ng,6
2656,freak,6
2657,rih,6
2658,hm,6
2659,tiffani,6
2660,yonghwa,6
2661,cupertino,6
2662,degrassi,6
2663,hisd,6
2664,cart,6
2665,rep,6
2666,gtgt,6
2667,belt,6
2668,mic,6
2669,registr,6
2670,yup,6
2671,hammond,6
2672,divin,6
2673,deniess,6
2674,emmanuel,6
2675,destructo,6
2676,~may,6
2677,soundwav,6
2678,foley,6
2679,marana,6
2680,lou,6
2681,bonu,6
2682,eurosong,6
2683,richwood,6
2684,spectrum,6
2685,weekli,6
2686,liacoura,6
2687,greenvil,6
2688,apr,6
2689,tok,6
2690,vanessa,6
2691,jacob,6
2692,klub,6
2693,damag,6
2694,departur,6
2695,minnesota,6
2696,objectiveorneutr,6
2697,grant,6
2698,ruffin,6
2699,okinawa,6
2700,atkinson,6
2701,shotton,6
2702,grohl,6
2703,boonen,6
2704,timmonsvil,6
2705,istep,6
2706,joongki,6
2707,beiber,6
2708,miesha,6
2709,runako,6
2710,krul,6
2711,trifecta,6
2712,chamberlain,6
2713,fp,6
2714,longer,5
2715,fade,5
2716,split,5
2717,girlfriend,5
2718,exit,5
2719,instagram,5
2720,asleep,5
2721,concord,5
2722,marshal,5
2723,uva,5
2724,fx,5
2725,slide,5
2726,mixtap,5
2727,alleg,5
2728,rio,5
2729,ed,5
2730,demba,5
2731,controversi,5
2732,gcse,5
2733,awkward,5
2734,exactli,5
2735,await,5
2736,athlet,5
2737,scandal,5
2738,employ,5
2739,stanford,5
2740,sooooo,5
2741,slow,5
2742,hed,5
2743,conserv,5
2744,hou,5
2745,arizona,5
2746,adult,5
2747,vid,5
2748,er,5
2749,crew,5
2750,dirk,5
2751,weed,5
2752,bloodi,5
2753,flynn,5
2754,seahawk,5
2755,motiv,5
2756,melbourn,5
2757,idol,5
2758,magazin,5
2759,jake,5
2760,barack,5
2761,kim,5
2762,intens,5
2763,pastor,5
2764,arrest,5
2765,pot,5
2766,model,5
2767,benghazi,5
2768,threat,5
2769,touchdown,5
2770,delight,5
2771,sum,5
2772,suffer,5
2773,closer,5
2774,parkdal,5
2775,poker,5
2776,nah,5
2777,recent,5
2778,quiz,5
2779,arkansa,5
2780,quick,5
2781,item,5
2782,packag,5
2783,seed,5
2784,pca,5
2785,faith,5
2786,tht,5
2787,refere,5
2788,distanc,5
2789,niall,5
2790,thoma,5
2791,fulham,5
2792,lb,5
2793,fighter,5
2794,rey,5
2795,evil,5
2796,woo,5
2797,unfortun,5
2798,factori,5
2799,lift,5
2800,ring,5
2801,increas,5
2802,mac,5
2803,jealou,5
2804,orlean,5
2805,candid,5
2806,declar,5
2807,heaven,5
2808,quiet,5
2809,consecut,5
2810,midweek,5
2811,dolphin,5
2812,novrd,5
2813,pub,5
2814,strang,5
2815,fuckin,5
2816,labor,5
2817,civil,5
2818,mouth,5
2819,beast,5
2820,grown,5
2821,pumpkin,5
2822,lack,5
2823,ofst,5
2824,plate,5
2825,famou,5
2826,upon,5
2827,research,5
2828,ugh,5
2829,dang,5
2830,persi,5
2831,disco,5
2832,tyler,5
2833,fc,5
2834,opposit,5
2835,pit,5
2836,flip,5
2837,lay,5
2838,wouldv,5
2839,skin,5
2840,ruin,5
2841,julian,5
2842,anthem,5
2843,hav,5
2844,fix,5
2845,hook,5
2846,irish,5
2847,soo,5
2848,shape,5
2849,bum,5
2850,januaryth,5
2851,oak,5
2852,rare,5
2853,nope,5
2854,sold,5
2855,abt,5
2856,slot,5
2857,thunder,5
2858,reschedul,5
2859,kent,5
2860,cash,5
2861,attract,5
2862,opportun,5
2863,loos,5
2864,rival,5
2865,overhaul,5
2866,becki,5
2867,rematch,5
2868,argentina,5
2869,plenti,5
2870,nooooooooo,5
2871,afford,5
2872,rebound,5
2873,overal,5
2874,introduc,5
2875,nowplay,5
2876,graduat,5
2877,bump,5
2878,errorridden,5
2879,colorado,5
2880,aww,5
2881,ferrel,5
2882,grill,5
2883,attent,5
2884,cantwait,5
2885,tatum,5
2886,chick,5
2887,legendari,5
2888,propos,5
2889,otherwis,5
2890,valu,5
2891,loud,5
2892,miranda,5
2893,withth,5
2894,western,5
2895,kingdom,5
2896,request,5
2897,wing,5
2898,howev,5
2899,belgium,5
2900,sd,5
2901,countdown,5
2902,spear,5
2903,flag,5
2904,visa,5
2905,observ,5
2906,dragon,5
2907,spring,5
2908,tenni,5
2909,colour,5
2910,ballroom,5
2911,skinni,5
2912,nomine,5
2913,refus,5
2914,mini,5
2915,canning,5
2916,patrick,5
2917,silicon,5
2918,solar,5
2919,built,5
2920,ador,5
2921,photograph,5
2922,societi,5
2923,reportedli,5
2924,ph,5
2925,gate,5
2926,mess,5
2927,cycl,5
2928,gang,5
2929,woot,5
2930,drama,5
2931,airport,5
2932,corp,5
2933,luke,5
2934,tear,5
2935,surgeri,5
2936,rihanna,5
2937,cure,5
2938,divis,5
2939,youngster,5
2940,febth,5
2941,annoy,5
2942,mainten,5
2943,dt,5
2944,hoop,5
2945,perhap,5
2946,hunter,5
2947,crisi,5
2948,cma,5
2949,inde,5
2950,tavern,5
2951,collin,5
2952,languag,5
2953,cabinet,5
2954,stuck,5
2955,slight,5
2956,ashley,5
2957,sheet,5
2958,programm,5
2959,whether,5
2960,hike,5
2961,teaparti,5
2962,ward,5
2963,thrill,5
2964,flat,5
2965,russian,5
2966,brandon,5
2967,scrimmag,5
2968,rs,5
2969,construct,5
2970,starter,5
2971,bounc,5
2972,riri,5
2973,jaworski,5
2974,hawtin,5
2975,chisora,5
2976,procter,5
2977,eight,5
2978,miley,5
2979,system,5
2980,bush,5
2981,scholarship,5
2982,neighbor,5
2983,minist,5
2984,kerri,5
2985,cloth,5
2986,hs,5
2987,kfc,5
2988,diet,5
2989,pampg,5
2990,augth,5
2991,titu,5
2992,yolo,5
2993,wi,5
2994,comp,5
2995,sens,5
2996,typic,5
2997,younger,5
2998,comic,5
2999,duti,5
3000,ak,5
3001,nia,5
3002,ni,5
3003,oakland,5
3004,hurri,5
3005,cafe,5
3006,import,5
3007,earthquak,5
3008,myrd,5
3009,anchor,5
3010,popcorn,5
3011,peter,5
3012,sydney,5
3013,circ,5
3014,allderdic,5
3015,driver,5
3016,rampag,5
3017,chardon,5
3018,thalia,5
3019,gh,5
3020,romeo,5
3021,kermit,5
3022,yourst,5
3023,puzzl,5
3024,rtclose,5
3025,melaka,5
3026,rammstein,5
3027,freddi,5
3028,cypress,5
3029,trina,5
3030,advis,5
3031,writer,5
3032,barnet,5
3033,roster,5
3034,oneil,5
3035,rsvp,5
3036,covina,5
3037,hamstr,5
3038,twin,5
3039,restaur,5
3040,letter,5
3041,trash,5
3042,missouri,5
3043,exchang,5
3044,collect,5
3045,wall,5
3046,femm,5
3047,tha,5
3048,phase,5
3049,verizon,5
3050,cinema,5
3051,theyll,5
3052,mission,5
3053,wirecal,5
3054,holm,5
3055,jerricho,5
3056,cotcheri,5
3057,rui,5
3058,seuss,5
3059,oslo,5
3060,ufo,5
3061,ted,5
3062,nugent,5
3063,ralph,5
3064,mcquarri,5
3065,christina,5
3066,grimmi,5
3067,purim,5
3068,cobham,5
3069,safc,5
3070,nasdaq,5
3071,pico,5
3072,isat,5
3073,wilt,5
3074,hoffman,5
3075,netanyahu,5
3076,trafford,4
3077,aaliyah,4
3078,outfit,4
3079,investor,4
3080,iu,4
3081,grandma,4
3082,hisnd,4
3083,wash,4
3084,ablett,4
3085,steal,4
3086,dsb,4
3087,sang,4
3088,gotti,4
3089,cbb,4
3090,scream,4
3091,crimin,4
3092,path,4
3093,tshirt,4
3094,suspens,4
3095,aprilth,4
3096,tcu,4
3097,display,4
3098,cheaper,4
3099,xxx,4
3100,gerrard,4
3101,brad,4
3102,recap,4
3103,british,4
3104,napoleon,4
3105,dynamit,4
3106,jona,4
3107,bosh,4
3108,etta,4
3109,chose,4
3110,approach,4
3111,pirat,4
3112,tailgat,4
3113,potter,4
3114,mayo,4
3115,pathet,4
3116,sweep,4
3117,husband,4
3118,freez,4
3119,quarterback,4
3120,gather,4
3121,fab,4
3122,thu,4
3123,uh,4
3124,odom,4
3125,highli,4
3126,histor,4
3127,gyllenha,4
3128,jerri,4
3129,trey,4
3130,meek,4
3131,float,4
3132,spotifi,4
3133,tvd,4
3134,possess,4
3135,marco,4
3136,primari,4
3137,neck,4
3138,andrd,4
3139,bold,4
3140,foot,4
3141,vacat,4
3142,charlott,4
3143,ave,4
3144,chapter,4
3145,buc,4
3146,sander,4
3147,vision,4
3148,punish,4
3149,foolish,4
3150,mtv,4
3151,forum,4
3152,wth,4
3153,lyric,4
3154,brief,4
3155,rebecca,4
3156,happyst,4
3157,lana,4
3158,kane,4
3159,obviou,4
3160,asst,4
3161,german,4
3162,bond,4
3163,oppon,4
3164,fyi,4
3165,bree,4
3166,__,4
3167,wiz,4
3168,dem,4
3169,heal,4
3170,averag,4
3171,mo,4
3172,grader,4
3173,bristol,4
3174,blame,4
3175,themselv,4
3176,bronco,4
3177,louisvil,4
3178,tx,4
3179,prais,4
3180,underworld,4
3181,movement,4
3182,novpm,4
3183,vp,4
3184,tweep,4
3185,sc,4
3186,oo,4
3187,marcu,4
3188,depth,4
3189,mcdonald,4
3190,bug,4
3191,addict,4
3192,wolf,4
3193,favor,4
3194,eve,4
3195,pattinson,4
3196,fred,4
3197,fixtur,4
3198,marin,4
3199,fg,4
3200,blew,4
3201,purpl,4
3202,summit,4
3203,doc,4
3204,vers,4
3205,bread,4
3206,trunk,4
3207,novst,4
3208,swag,4
3209,seminar,4
3210,uni,4
3211,lover,4
3212,express,4
3213,isth,4
3214,curs,4
3215,larg,4
3216,rg,4
3217,franklin,4
3218,cancer,4
3219,pose,4
3220,relax,4
3221,pressur,4
3222,breeder,4
3223,breast,4
3224,punk,4
3225,prime,4
3226,bust,4
3227,analysi,4
3228,mw,4
3229,geniu,4
3230,convert,4
3231,tomorrowi,4
3232,gameday,4
3233,fromth,4
3234,tripl,4
3235,finishth,4
3236,endors,4
3237,ju,4
3238,reject,4
3239,affili,4
3240,xxxx,4
3241,affect,4
3242,boyfriend,4
3243,speaker,4
3244,argument,4
3245,thepm,4
3246,retail,4
3247,rafael,4
3248,hmmmm,4
3249,vick,4
3250,strip,4
3251,ampth,4
3252,aspect,4
3253,janth,4
3254,somehow,4
3255,princess,4
3256,ie,4
3257,muse,4
3258,ourth,4
3259,gamebygam,4
3260,ht,4
3261,oregon,4
3262,economi,4
3263,simon,4
3264,bolt,4
3265,len,4
3266,someday,4
3267,cap,4
3268,conflict,4
3269,turkey,4
3270,assur,4
3271,nevada,4
3272,cupid,4
3273,hulu,4
3274,often,4
3275,govt,4
3276,ranger,4
3277,bend,4
3278,rvp,4
3279,russel,4
3280,dana,4
3281,shouldnt,4
3282,omd,4
3283,doll,4
3284,hahahaha,4
3285,uniform,4
3286,qpr,4
3287,approv,4
3288,illeg,4
3289,chi,4
3290,dramat,4
3291,forst,4
3292,bare,4
3293,roundup,4
3294,finna,4
3295,switch,4
3296,egyptsst,4
3297,kc,4
3298,discov,4
3299,columbu,4
3300,frame,4
3301,bio,4
3302,beyond,4
3303,oiler,4
3304,autograph,4
3305,duck,4
3306,connect,4
3307,shown,4
3308,uncl,4
3309,flood,4
3310,rage,4
3311,flame,4
3312,jane,4
3313,penni,4
3314,johnni,4
3315,pierc,4
3316,mansion,4
3317,tweak,4
3318,cousin,4
3319,leadership,4
3320,kasabian,4
3321,soundcloud,4
3322,guard,4
3323,nashvil,4
3324,galleri,4
3325,alongsid,4
3326,exist,4
3327,melo,4
3328,blackberri,4
3329,determin,4
3330,duo,4
3331,southern,4
3332,portion,4
3333,applic,4
3334,kimmel,4
3335,assault,4
3336,mode,4
3337,granni,4
3338,armstrong,4
3339,cite,4
3340,retreat,4
3341,daft,4
3342,regret,4
3343,herth,4
3344,cooki,4
3345,jag,4
3346,tan,4
3347,peek,4
3348,turnov,4
3349,gut,4
3350,negoti,4
3351,anywher,4
3352,nervou,4
3353,novemberrd,4
3354,ppv,4
3355,din,4
3356,crib,4
3357,forthcom,4
3358,canon,4
3359,butt,4
3360,gsu,4
3361,halo,4
3362,fame,4
3363,spark,4
3364,wrist,4
3365,woke,4
3366,assassin,4
3367,treatment,4
3368,wherev,4
3369,ghetto,4
3370,progress,4
3371,huh,4
3372,coincid,4
3373,solid,4
3374,aye,4
3375,basic,4
3376,casino,4
3377,blank,4
3378,snap,4
3379,cj,4
3380,forehead,4
3381,tillpm,4
3382,carmelo,4
3383,loco,4
3384,rita,4
3385,fought,4
3386,zulu,4
3387,fat,4
3388,jlin,4
3389,msu,4
3390,correspond,4
3391,sought,4
3392,stare,4
3393,failur,4
3394,fav,4
3395,haunt,4
3396,oblig,4
3397,bound,4
3398,buyer,4
3399,yearbook,4
3400,flexthursday,4
3401,calln,4
3402,whol,4
3403,souf,4
3404,kum,4
3405,altern,4
3406,springsteen,4
3407,industri,4
3408,navi,4
3409,adventur,4
3410,calendar,4
3411,bat,4
3412,cimb,4
3413,associ,4
3414,lap,4
3415,walgreen,4
3416,chairman,4
3417,jasmin,4
3418,gf,4
3419,tee,4
3420,vodka,4
3421,soup,4
3422,bedroom,4
3423,joey,4
3424,khader,4
3425,dmv,4
3426,mill,4
3427,strand,4
3428,lesson,4
3429,remov,4
3430,awak,4
3431,horribl,4
3432,occupi,4
3433,redsox,4
3434,devic,4
3435,primavera,4
3436,scari,4
3437,beta,4
3438,feast,4
3439,puppi,4
3440,whenev,4
3441,tn,4
3442,warehous,4
3443,choos,4
3444,birdi,4
3445,ban,4
3446,palestinian,4
3447,tokyo,4
3448,rosa,4
3449,logo,4
3450,subject,4
3451,ski,4
3452,retir,4
3453,dispatch,4
3454,mood,4
3455,balanc,4
3456,kit,4
3457,slip,4
3458,bb,4
3459,comfort,4
3460,fee,4
3461,massiv,4
3462,myrtl,4
3463,fever,4
3464,mayhem,4
3465,titan,4
3466,fund,4
3467,kikwang,4
3468,cesc,4
3469,oliv,4
3470,prob,4
3471,rupp,4
3472,eclips,4
3473,randal,4
3474,energi,4
3475,pg,4
3476,discount,4
3477,nanj,4
3478,odi,4
3479,hehe,4
3480,marvel,4
3481,horror,4
3482,bobbi,4
3483,moor,4
3484,transform,4
3485,fridayth,4
3486,danger,4
3487,rachel,4
3488,explod,4
3489,welli,4
3490,easili,4
3491,`,4
3492,organ,4
3493,feed,4
3494,spoiler,4
3495,sheffield,4
3496,shield,4
3497,rubber,4
3498,male,4
3499,dine,4
3500,pee,4
3501,tragedi,4
3502,raini,4
3503,reckon,4
3504,khl,4
3505,uga,4
3506,ctv,4
3507,weight,4
3508,ab,4
3509,rwc,4
3510,juri,4
3511,loot,4
3512,renew,4
3513,secur,4
3514,sigh,4
3515,shannon,4
3516,sharp,4
3517,whatev,4
3518,dez,4
3519,nyj,4
3520,pile,4
3521,wiunion,4
3522,oman,4
3523,mort,4
3524,zuckerman,4
3525,fluke,4
3526,segal,4
3527,brownsvil,4
3528,lg,4
3529,vcu,4
3530,madoff,4
3531,ying,4
3532,szczesni,4
3533,coal,4
3534,bacolod,4
3535,evalesco,4
3536,birth,4
3537,goa,4
3538,espanyol,4
3539,reid,4
3540,dee,4
